id,email,username,name,join_date
1,mgeistmann0@accuweather.com,mgeistmann0,Marvin Geistmann,2018-09-30 07:31:34
2,hchapleo1@macromedia.com,hchapleo1,Hermia Chapleo,2021-05-31 03:56:26
3,lvowels2@ehow.com,lvowels2,Laird Vowels,2020-10-26 18:48:00
4,dadelsberg3@telegraph.co.uk,dadelsberg3,Deeanne Adelsberg,2019-09-20 02:56:33
5,dpargeter4@lulu.com,dpargeter4,Dorelle Pargeter,2019-08-23 23:03:47
6,pbrecken5@mit.edu,pbrecken5,Pam Brecken,2018-09-21 02:41:39
7,vbarracks6@utexas.edu,vbarracks6,Virgie Barracks,2021-02-09 12:35:32
8,tguiness7@sphinn.com,tguiness7,Thornton Guiness,2021-04-24 15:11:35
9,aoverington8@blogspot.com,aoverington8,Abner Overington,2021-04-17 23:04:41
10,mamberger9@sun.com,mamberger9,Mead Amberger,2019-11-18 23:58:17
11,vgerransa@shutterfly.com,vgerransa,Vaughan Gerrans,2019-04-24 19:33:22
12,nkinlockb@cafepress.com,nkinlockb,Nathaniel Kinlock,2021-06-03 07:14:13
13,tmozzic@wired.com,tmozzic,Tommi Mozzi,2019-12-26 19:48:06
14,sdawtond@odnoklassniki.ru,sdawtond,Sherm Dawton,2020-05-03 13:46:34
15,croslene@xing.com,croslene,Chic Roslen,2019-04-17 19:47:58
16,lmcanenyf@whitehouse.gov,lmcanenyf,Lynn McAneny,2018-07-07 02:14:38
17,smulfordg@amazon.de,smulfordg,Sandor Mulford,2021-04-26 00:21:58
18,jcullumh@ocn.ne.jp,jcullumh,Jodie Cullum,2020-09-08 13:36:53
19,nphebeyi@bbb.org,nphebeyi,Noah Phebey,2019-08-19 02:11:16
20,twonfarj@mlb.com,twonfarj,Tucker Wonfar,2020-03-25 12:08:56
21,jthoulessk@i2i.jp,jthoulessk,Jasun Thouless,2020-04-17 19:40:42
22,bducastell@intel.com,bducastell,Bartie Ducastel,2019-04-13 09:53:03
23,etarbattm@fda.gov,etarbattm,Ernest Tarbatt,2021-02-25 10:10:47
24,kfenemoren@creativecommons.org,kfenemoren,Kayle Fenemore,2020-05-31 12:51:08
25,cmilstedo@topsy.com,cmilstedo,Cammy Milsted,2019-11-23 09:39:22
26,alep@livejournal.com,alep,Amalle Le Marchant,2021-03-22 17:31:16
27,fmaudeq@baidu.com,fmaudeq,Free Maude,2018-10-21 23:04:40
28,kramsteadr@microsoft.com,kramsteadr,Kathye Ramstead,2019-09-05 04:04:45
29,lboffins@google.com,lboffins,Letizia Boffin,2018-12-13 10:46:21
30,gmattint@dion.ne.jp,gmattint,Garrot Mattin,2018-12-23 08:52:51
31,hcrosonu@samsung.com,hcrosonu,Harv Croson,2020-09-07 10:13:23
32,ecamiliov@cdc.gov,ecamiliov,Erie Camilio,2021-06-15 13:48:18
33,mwerriloww@photobucket.com,mwerriloww,Moise Werrilow,2021-01-31 08:14:19
34,wjoostx@jalbum.net,wjoostx,Wilona Joost,2019-08-04 13:58:33
35,pstratherny@theatlantic.com,pstratherny,Philbert Strathern,2019-01-13 10:28:43
36,mruppeliz@bluehost.com,mruppeliz,Meg Ruppeli,2020-09-05 01:32:37
37,zmacandrew10@freewebs.com,zmacandrew10,Zebulon MacAndrew,2021-02-21 19:10:22
38,kmackness11@netscape.com,kmackness11,Kiri Mackness,2018-09-08 10:01:28
39,ataleworth12@ftc.gov,ataleworth12,Amalia Taleworth,2019-03-05 06:32:28
40,talti13@si.edu,talti13,Tiertza Alti,2021-05-05 06:28:39
41,ctregale14@blinklist.com,ctregale14,Conant Tregale,2020-02-20 02:17:05
42,irotherforth15@nps.gov,irotherforth15,Iris Rotherforth,2021-01-21 16:49:55
43,bforson16@wikispaces.com,bforson16,Birdie Forson,2019-07-15 06:30:08
44,lpinn17@rambler.ru,lpinn17,Loy Pinn,2018-10-01 18:07:10
45,avan18@geocities.com,avan18,Agathe Van Zon,2019-08-04 04:31:23
46,gdinsale19@tumblr.com,gdinsale19,Gerry Dinsale,2018-07-05 09:08:16
47,mbritnell1a@imgur.com,mbritnell1a,Merilee Britnell,2018-09-10 19:13:34
48,irosewell1b@upenn.edu,irosewell1b,Isabel Rosewell,2021-01-09 13:07:11
49,gkeitley1c@stumbleupon.com,gkeitley1c,Gill Keitley,2018-10-26 16:15:02
50,hdales1d@comsenz.com,hdales1d,Hali Dales,2021-02-01 17:45:56
51,afrood1e@goodreads.com,afrood1e,Andie Frood,2020-08-19 12:59:44
52,ddoughtery1f@latimes.com,ddoughtery1f,Doris Doughtery,2020-07-10 02:52:16
53,dbarber1g@vk.com,dbarber1g,Dara Barber,2020-04-08 07:22:40
54,hmcaline1h@goo.ne.jp,hmcaline1h,Happy McAline,2021-03-18 23:28:16
55,lriccetti1i@weibo.com,lriccetti1i,Luciana Riccetti,2019-01-10 11:14:14
56,eandriss1j@meetup.com,eandriss1j,Erasmus Andriss,2019-03-30 09:31:45
57,ljaume1k@seesaa.net,ljaume1k,Layne Jaume,2021-06-29 05:29:07
58,hdilland1l@springer.com,hdilland1l,Hector Dilland,2020-08-09 22:23:40
59,aferrarone1m@eepurl.com,aferrarone1m,Ainslie Ferrarone,2018-12-28 15:40:55
60,vpye1n@multiply.com,vpye1n,Vivia Pye,2020-11-25 11:22:22
61,gclucas1o@shareasale.com,gclucas1o,Gustaf Clucas,2021-06-10 13:27:19
62,corht1p@census.gov,corht1p,Chickie Orht,2020-09-16 11:47:48
63,nbrogini1q@rambler.ru,nbrogini1q,Nickie Brogini,2020-11-03 18:31:38
64,gendrici1r@amazon.com,gendrici1r,Gay Endrici,2020-02-13 18:21:34
65,tspehr1s@opensource.org,tspehr1s,Thorin Spehr,2018-09-15 09:32:12
66,hpountney1t@google.de,hpountney1t,Helge Pountney,2018-08-14 05:16:05
67,cchappelow1u@ocn.ne.jp,cchappelow1u,Craig Chappelow,2020-09-04 05:17:31
68,lsperring1v@miitbeian.gov.cn,lsperring1v,Larry Sperring,2018-08-24 23:17:20
69,tmccrie1w@howstuffworks.com,tmccrie1w,Tome McCrie,2020-04-18 04:48:48
70,plowell1x@over-blog.com,plowell1x,Petronella Lowell,2019-02-04 05:46:13
71,mjoist1y@virginia.edu,mjoist1y,Morley Joist,2018-09-27 18:37:36
72,gmonkton1z@ebay.co.uk,gmonkton1z,Gladys Monkton,2019-08-28 09:42:36
73,bwhitnall20@lulu.com,bwhitnall20,Bill Whitnall,2019-04-07 10:16:48
74,hmcallister21@microsoft.com,hmcallister21,Harrie McAllister,2019-11-24 19:36:16
75,cbandt22@mayoclinic.com,cbandt22,Cyrill Bandt,2019-01-21 17:31:56
76,pkeford23@cbsnews.com,pkeford23,Panchito Keford,2018-10-04 16:04:11
77,jjosephov24@ocn.ne.jp,jjosephov24,Juliana Josephov,2020-10-06 20:54:40
78,sohalloran25@google.com.br,sohalloran25,Shari O'Halloran,2019-07-17 06:07:18
79,dlambie26@opensource.org,dlambie26,Domingo Lambie,2020-04-19 18:12:32
80,cgisburn27@is.gd,cgisburn27,Carleton Gisburn,2020-06-26 09:09:31
81,dgumey28@over-blog.com,dgumey28,Derby Gumey,2018-11-01 22:41:09
82,fhillaby29@mail.ru,fhillaby29,Filip Hillaby,2021-01-04 18:59:53
83,gakehurst2a@tamu.edu,gakehurst2a,Gottfried Akehurst,2020-11-15 15:27:39
84,mlentsch2b@theguardian.com,mlentsch2b,Moll Lentsch,2019-04-25 21:22:26
85,apiatti2c@github.com,apiatti2c,Avril Piatti,2021-04-11 13:45:05
86,sginnane2d@cbsnews.com,sginnane2d,Saxe Ginnane,2019-07-11 15:47:55
87,cmaple2e@wikimedia.org,cmaple2e,Camella Maple,2020-07-01 05:20:34
88,pboraston2f@parallels.com,pboraston2f,Pauly Boraston,2021-06-12 03:35:24
89,anys2g@miibeian.gov.cn,anys2g,Ashley Nys,2020-12-04 05:13:11
90,wbiggs2h@clickbank.net,wbiggs2h,Waiter Biggs,2020-01-13 00:23:11
91,labramsky2i@merriam-webster.com,labramsky2i,Leanna Abramsky,2019-11-14 12:19:41
92,irichard2j@geocities.com,irichard2j,Ignatius Richard,2021-04-11 11:40:25
93,iodocherty2k@digg.com,iodocherty2k,Ivett O'Docherty,2020-11-20 07:17:45
94,whuge2l@bloglines.com,whuge2l,Wylie Huge,2019-10-24 15:10:18
95,mmatovic2m@microsoft.com,mmatovic2m,Marylee Matovic,2018-08-16 00:38:58
96,lbasso2n@ovh.net,lbasso2n,Linea Basso,2020-10-13 00:25:21
97,efeatherstonhaugh2o@hp.com,efeatherstonhaugh2o,Ellen Featherstonhaugh,2019-02-14 07:02:57
98,ethorsen2p@meetup.com,ethorsen2p,Eleanore Thorsen,2021-06-20 11:07:29
99,lshadfourth2q@cisco.com,lshadfourth2q,Lolita Shadfourth,2020-10-25 04:19:22
100,wsherar2r@kickstarter.com,wsherar2r,Wendeline Sherar,2018-09-30 17:27:25
